[
  {
    "news_id": "1",
    "profile_img": "http://k.kakaocdn.net/dn/bjxf7Q/btqm3wo4nue/vUh34E4du2oPC4ZNycFWr0/profile_640x640s.jpg",
    "user_name": "양사랑",
    "user_writing": "1",
    "user_follower": "2",
    "hash_tag": "3",
    "score": "1",
    "contents": "하하",
    "like_count": "5",
    "reply_count": "6",
    "date": "7",
    "user_id": "1",
    "tag1": "11",
    "tag2": "12",
    "url": "13",
    "storePictures": [
      {
        "pic_id": "1",
        "number": "1",
        "user_id": "1",
        "store_id": "1",
        "pic_url": "https://mp-seoul-image-production-s3.mangoplate.com/added_restaurants/(null)_1440405872653.jpg?fit=around|362:362&crop=362:362;*,*&output-format=jpg&output-quality=80",
        "date": "1"
      },
      {
        "pic_id": "1",
        "number": "2",
        "user_id": "1",
        "store_id": "1",
        "pic_url": "https://mp-seoul-image-production-s3.mangoplate.com/added_restaurants/2392_1488515222804788.jpg?fit=around|362:362&crop=362:362;*,*&output-format=jpg&output-quality=80",
        "date": "1"
      },
      {
        "pic_id": "1",
        "number": "3",
        "user_id": "1",
        "store_id": "1",
        "pic_url": "https://mp-seoul-image-production-s3.mangoplate.com/added_restaurants/335908_1460216479729333.jpg?fit=around|362:362&crop=362:362;*,*&output-format=jpg&output-quality=80",
        "date": "1"
      },
      {
        "pic_id": "1",
        "number": "4",
        "user_id": "1",
        "store_id": "1",
        "pic_url": "https://mp-seoul-image-production-s3.mangoplate.com/282752/601342_1492186850816_601342_1492186164349_24917?fit=around|362:362&crop=362:362;*,*&output-format=jpg&output-quality=80",
        "date": "1"
      },
      {
        "pic_id": "1",
        "number": "5",
        "user_id": "1",
        "store_id": "1",
        "pic_url": "https://mp-seoul-image-production-s3.mangoplate.com/48002/483575_1456412084656_332206?fit=around|362:362&crop=362:362;*,*&output-format=jpg&output-quality=80",
        "date": "1"
      },
      {
        "pic_id": "1",
        "number": "6",
        "user_id": "1",
        "store_id": "1",
        "pic_url": "https://mp-seoul-image-production-s3.mangoplate.com/196002/648713_1495783499395_648713_1495783400966_112737?fit=around|362:362&crop=362:362;*,*&output-format=jpg&output-quality=80",
        "date": "1"
      },
      {
        "pic_id": "1",
        "number": "7",
        "user_id": "1",
        "store_id": "1",
        "pic_url": "4/2018-11-24/2018-11-24 06:42:27.909352.png",
        "date": "1"
      }
    ]
  },
  {
    "news_id": "1",
    "profile_img": "http://k.kakaocdn.net/dn/bjxf7Q/btqm3wo4nue/vUh34E4du2oPC4ZNycFWr0/profile_640x640s.jpg",
    "user_name": "양사랑",
    "user_writing": "1",
    "user_follower": "2",
    "hash_tag": "3",
    "score": "1",
    "contents": "하하",
    "like_count": "5",
    "reply_count": "6",
    "date": "7",
    "user_id": "1",
    "tag1": "11",
    "tag2": "12",
    "url": "13",
    "storePictures": [
      {
        "pic_id": "1",
        "number": "1",
        "user_id": "1",
        "store_id": "1",
        "pic_url": "https://mp-seoul-image-production-s3.mangoplate.com/added_restaurants/(null)_1440405872653.jpg?fit=around|362:362&crop=362:362;*,*&output-format=jpg&output-quality=80",
        "date": "1"
      },
      {
        "pic_id": "1",
        "number": "2",
        "user_id": "1",
        "store_id": "1",
        "pic_url": "https://mp-seoul-image-production-s3.mangoplate.com/added_restaurants/2392_1488515222804788.jpg?fit=around|362:362&crop=362:362;*,*&output-format=jpg&output-quality=80",
        "date": "1"
      },
      {
        "pic_id": "1",
        "number": "3",
        "user_id": "1",
        "store_id": "1",
        "pic_url": "https://mp-seoul-image-production-s3.mangoplate.com/added_restaurants/335908_1460216479729333.jpg?fit=around|362:362&crop=362:362;*,*&output-format=jpg&output-quality=80",
        "date": "1"
      },
      {
        "pic_id": "1",
        "number": "4",
        "user_id": "1",
        "store_id": "1",
        "pic_url": "https://mp-seoul-image-production-s3.mangoplate.com/282752/601342_1492186850816_601342_1492186164349_24917?fit=around|362:362&crop=362:362;*,*&output-format=jpg&output-quality=80",
        "date": "1"
      },
      {
        "pic_id": "1",
        "number": "5",
        "user_id": "1",
        "store_id": "1",
        "pic_url": "https://mp-seoul-image-production-s3.mangoplate.com/48002/483575_1456412084656_332206?fit=around|362:362&crop=362:362;*,*&output-format=jpg&output-quality=80",
        "date": "1"
      },
      {
        "pic_id": "1",
        "number": "6",
        "user_id": "1",
        "store_id": "1",
        "pic_url": "https://mp-seoul-image-production-s3.mangoplate.com/196002/648713_1495783499395_648713_1495783400966_112737?fit=around|362:362&crop=362:362;*,*&output-format=jpg&output-quality=80",
        "date": "1"
      },
      {
        "pic_id": "1",
        "number": "7",
        "user_id": "1",
        "store_id": "1",
        "pic_url": "4/2018-11-24/2018-11-24 06:42:27.909352.png",
        "date": "1"
      }
    ]
  },
  {
    "news_id": "1",
    "store_id": "1",
    "profile_img": "http://k.kakaocdn.net/dn/bjxf7Q/btqm3wo4nue/vUh34E4du2oPC4ZNycFWr0/profile_640x640s.jpg",
    "user_name": "양사랑",
    "user_writing": "1",
    "user_follower": "2",
    "hash_tag": "3",
    "score": "1",
    "contents": "하하",
    "like_count": "5",
    "reply_count": "6",
    "date": "7",
    "user_id": "1",
    "tag1": "11",
    "tag2": "12",
    "url": "13",
    "storePictures": [
      {
        "pic_id": "1",
        "number": "1",
        "user_id": "1",
        "store_id": "1",
        "pic_url": "https://mp-seoul-image-production-s3.mangoplate.com/added_restaurants/(null)_1440405872653.jpg?fit=around|362:362&crop=362:362;*,*&output-format=jpg&output-quality=80",
        "date": "1"
      },
      {
        "pic_id": "1",
        "number": "2",
        "user_id": "1",
        "store_id": "1",
        "pic_url": "https://mp-seoul-image-production-s3.mangoplate.com/added_restaurants/2392_1488515222804788.jpg?fit=around|362:362&crop=362:362;*,*&output-format=jpg&output-quality=80",
        "date": "1"
      },
      {
        "pic_id": "1",
        "number": "3",
        "user_id": "1",
        "store_id": "1",
        "pic_url": "https://mp-seoul-image-production-s3.mangoplate.com/added_restaurants/335908_1460216479729333.jpg?fit=around|362:362&crop=362:362;*,*&output-format=jpg&output-quality=80",
        "date": "1"
      },
      {
        "pic_id": "1",
        "number": "4",
        "user_id": "1",
        "store_id": "1",
        "pic_url": "https://mp-seoul-image-production-s3.mangoplate.com/282752/601342_1492186850816_601342_1492186164349_24917?fit=around|362:362&crop=362:362;*,*&output-format=jpg&output-quality=80",
        "date": "1"
      },
      {
        "pic_id": "1",
        "number": "5",
        "user_id": "1",
        "store_id": "1",
        "pic_url": "https://mp-seoul-image-production-s3.mangoplate.com/48002/483575_1456412084656_332206?fit=around|362:362&crop=362:362;*,*&output-format=jpg&output-quality=80",
        "date": "1"
      },
      {
        "pic_id": "1",
        "number": "6",
        "user_id": "1",
        "store_id": "1",
        "pic_url": "https://mp-seoul-image-production-s3.mangoplate.com/196002/648713_1495783499395_648713_1495783400966_112737?fit=around|362:362&crop=362:362;*,*&output-format=jpg&output-quality=80",
        "date": "1"
      },
      {
        "pic_id": "1",
        "number": "7",
        "user_id": "1",
        "store_id": "1",
        "pic_url": "4/2018-11-24/2018-11-24 06:42:27.909352.png",
        "date": "1"
      }
    ]
  },
  {
    "news_id": "1",
    "store_id": "1",
    "profile_img": "http://k.kakaocdn.net/dn/bjxf7Q/btqm3wo4nue/vUh34E4du2oPC4ZNycFWr0/profile_640x640s.jpg",
    "user_name": "양사랑",
    "user_writing": "1",
    "user_follower": "2",
    "hash_tag": "3",
    "score": "1",
    "contents": "하하",
    "like_count": "5",
    "reply_count": "6",
    "date": "7",
    "user_id": "1",
    "tag1": "11",
    "tag2": "12",
    "url": "13",
    "storePictures": [
      {
        "pic_id": "1",
        "number": "1",
        "user_id": "1",
        "store_id": "1",
        "pic_url": "https://mp-seoul-image-production-s3.mangoplate.com/added_restaurants/(null)_1440405872653.jpg?fit=around|362:362&crop=362:362;*,*&output-format=jpg&output-quality=80",
        "date": "1"
      },
      {
        "pic_id": "1",
        "number": "2",
        "user_id": "1",
        "store_id": "1",
        "pic_url": "https://mp-seoul-image-production-s3.mangoplate.com/added_restaurants/2392_1488515222804788.jpg?fit=around|362:362&crop=362:362;*,*&output-format=jpg&output-quality=80",
        "date": "1"
      },
      {
        "pic_id": "1",
        "number": "3",
        "user_id": "1",
        "store_id": "1",
        "pic_url": "https://mp-seoul-image-production-s3.mangoplate.com/added_restaurants/335908_1460216479729333.jpg?fit=around|362:362&crop=362:362;*,*&output-format=jpg&output-quality=80",
        "date": "1"
      },
      {
        "pic_id": "1",
        "number": "4",
        "user_id": "1",
        "store_id": "1",
        "pic_url": "https://mp-seoul-image-production-s3.mangoplate.com/282752/601342_1492186850816_601342_1492186164349_24917?fit=around|362:362&crop=362:362;*,*&output-format=jpg&output-quality=80",
        "date": "1"
      },
      {
        "pic_id": "1",
        "number": "5",
        "user_id": "1",
        "store_id": "1",
        "pic_url": "https://mp-seoul-image-production-s3.mangoplate.com/48002/483575_1456412084656_332206?fit=around|362:362&crop=362:362;*,*&output-format=jpg&output-quality=80",
        "date": "1"
      },
      {
        "pic_id": "1",
        "number": "6",
        "user_id": "1",
        "store_id": "1",
        "pic_url": "https://mp-seoul-image-production-s3.mangoplate.com/196002/648713_1495783499395_648713_1495783400966_112737?fit=around|362:362&crop=362:362;*,*&output-format=jpg&output-quality=80",
        "date": "1"
      },
      {
        "pic_id": "1",
        "number": "7",
        "user_id": "1",
        "store_id": "1",
        "pic_url": "4/2018-11-24/2018-11-24 06:42:27.909352.png",
        "date": "1"
      }
    ]
  },
  {
    "news_id": "1",
    "store_id": "1",
    "profile_img": "http://k.kakaocdn.net/dn/bjxf7Q/btqm3wo4nue/vUh34E4du2oPC4ZNycFWr0/profile_640x640s.jpg",
    "user_name": "양사랑",
    "user_writing": "1",
    "user_follower": "2",
    "hash_tag": "3",
    "score": "1",
    "contents": "하하",
    "like_count": "5",
    "reply_count": "6",
    "date": "7",
    "user_id": "1",
    "tag1": "11",
    "tag2": "12",
    "url": "13",
    "storePictures": [
      {
        "pic_id": "1",
        "number": "1",
        "user_id": "1",
        "store_id": "1",
        "pic_url": "https://mp-seoul-image-production-s3.mangoplate.com/added_restaurants/(null)_1440405872653.jpg?fit=around|362:362&crop=362:362;*,*&output-format=jpg&output-quality=80",
        "date": "1"
      },
      {
        "pic_id": "1",
        "number": "2",
        "user_id": "1",
        "store_id": "1",
        "pic_url": "https://mp-seoul-image-production-s3.mangoplate.com/added_restaurants/2392_1488515222804788.jpg?fit=around|362:362&crop=362:362;*,*&output-format=jpg&output-quality=80",
        "date": "1"
      },
      {
        "pic_id": "1",
        "number": "3",
        "user_id": "1",
        "store_id": "1",
        "pic_url": "https://mp-seoul-image-production-s3.mangoplate.com/added_restaurants/335908_1460216479729333.jpg?fit=around|362:362&crop=362:362;*,*&output-format=jpg&output-quality=80",
        "date": "1"
      },
      {
        "pic_id": "1",
        "number": "4",
        "user_id": "1",
        "store_id": "1",
        "pic_url": "https://mp-seoul-image-production-s3.mangoplate.com/282752/601342_1492186850816_601342_1492186164349_24917?fit=around|362:362&crop=362:362;*,*&output-format=jpg&output-quality=80",
        "date": "1"
      },
      {
        "pic_id": "1",
        "number": "5",
        "user_id": "1",
        "store_id": "1",
        "pic_url": "https://mp-seoul-image-production-s3.mangoplate.com/48002/483575_1456412084656_332206?fit=around|362:362&crop=362:362;*,*&output-format=jpg&output-quality=80",
        "date": "1"
      },
      {
        "pic_id": "1",
        "number": "6",
        "user_id": "1",
        "store_id": "1",
        "pic_url": "https://mp-seoul-image-production-s3.mangoplate.com/196002/648713_1495783499395_648713_1495783400966_112737?fit=around|362:362&crop=362:362;*,*&output-format=jpg&output-quality=80",
        "date": "1"
      },
      {
        "pic_id": "1",
        "number": "7",
        "user_id": "1",
        "store_id": "1",
        "pic_url": "4/2018-11-24/2018-11-24 06:42:27.909352.png",
        "date": "1"
      }
    ]
  }
]