[
  {
    "store_id": "1",
    "score": "4",
    "hit": "10",
    "lat": "37.4985798",
    "lon": "127.0255659",
    "review_count": "12",
    "img": "https://mp-seoul-image-production-s3.mangoplate.com/11262/351536_1451476177246_49303?fit=around|359:240&crop=359:240;*,*&output-format=jpg&output-quality=80",
    "store_name": "딘타이펑 강남역점",
    "region_name": "강남역"
  },
  {
    "store_id": "2",
    "score": "4",
    "hit": "10",
    "lat": "37.4985798",
    "lon": "127.0255659",
    "review_count": "12",
    "img": "https://mp-seoul-image-production-s3.mangoplate.com/added_restaurants/79111_1461423840487134.jpg?fit=around|359:240&crop=359:240;*,*&output-format=jpg&output-quality=80",
    "store_name": "고에몬 강남점",
    "region_name": "강남역"
  },
  {
    "store_id": "3",
    "score": "4",
    "hit": "10",
    "lat": "37.4985798",
    "lon": "127.0255659",
    "review_count": "12",
    "img": "https://lh5.googleusercontent.com/p/AF1QipPRfHHwnIOOJQLvC9lxMd42IHYtTtrzqsmW-H48=w408-h306-k-no",
    "store_name": "느린마을 양조장 강남점",
    "region_name": "포츄나"
  },
  {
    "store_id": "4",
    "score": "4",
    "hit": "10",
    "lat": "37.4985798",
    "lon": "127.0255659",
    "review_count": "12",
    "img": "https://lh5.googleusercontent.com/p/AF1QipOgCgZf7qJdzvACnRj0SB3pfW8TrutdPfuIjqCq=w408-h229-k-no",
    "store_name": "장꼬방",
    "region_name": "서울"
  },
  {
    "store_id": "5",
    "score": "4",
    "hit": "10",
    "lat": "37.4985798",
    "lon": "127.0255659",
    "review_count": "12",
    "img": "https://lh5.googleusercontent.com/p/AF1QipMSfMMEud8Kflcp1xoUvC8Lhyy2RRjJIssMMJQa=w408-h272-k-no",
    "store_name": "강남역라면집",
    "region_name": "대전"
  },
  {
    "store_id": "6",
    "score": "4",
    "hit": "10",
    "lat": "37.4985798",
    "lon": "127.0255659",
    "review_count": "12",
    "img": "https://lh5.googleusercontent.com/p/AF1QipPVVO2x0EB9WXCqbTU2vQ1SG-ZSyBJg-ZUA79Qy=w408-h306-k-no",
    "store_name": "미즈컨테이너 강남 웨스트",
    "region_name": "대구"
  },
  {
    "store_id": "7",
    "score": "4",
    "hit": "10",
    "lat": "37.4985798",
    "lon": "127.0255659",
    "review_count": "12",
    "img": "https://lh5.googleusercontent.com/p/AF1QipNKniZW7DVPz7xGk_okmx67Xwz7mhvudpaV22Y=w408-h306-k-no",
    "store_name": "버터핑거팬케익스 강남역점",
    "region_name": "부산"
  },
  {
    "store_id": "8",
    "score": "4",
    "hit": "10",
    "lat": "37.4985798",
    "lon": "127.0255659",
    "review_count": "12",
    "img": "https://lh5.googleusercontent.com/p/AF1QipPRfHHwnIOOJQLvC9lxMd42IHYtTtrzqsmW-H48=w408-h306-k-no",
    "store_name": "두끼떡볶이 강남점",
    "region_name": "제주"
  },
  {
    "store_id": "9",
    "score": "4",
    "hit": "10",
    "lat": "37.4985798",
    "lon": "127.0255659",
    "review_count": "12",
    "img": "https://lh5.googleusercontent.com/p/AF1QipNzp9t9TBgq6neuLQdws_sCIYkkvROdRQjabvi5=w408-h229-k-no",
    "store_name": "투뿔등심 강남역점",
    "region_name": "영남"
  }
]
