{
  "image": [
    {
      "news_id": "1",
      "profile_img": "http://k.kakaocdn.net/dn/bjxf7Q/btqm3wo4nue/vUh34E4du2oPC4ZNycFWr0/profile_640x640s.jpg",
      "user_name": "가가",
      "user_writing": "1",
      "user_follower": "2",
      "hash_tag": "3",
      "score": "1",
      "contents": "하하",
      "like_count": "5",
      "reply_count": "6",
      "date": "7",
      "user_id": "1",
      "tag1": "11",
      "tag2": "12",
      "url": "13",
      "storePictures": [
        {
          "pic_id": "1",
          "number": "1",
          "user_id": "1",
          "store_id": "1",
          "pic_url": "https://mp-seoul-image-production-s3.mangoplate.com/added_restaurants/(null)_1440405872653.jpg?fit=around|362:362&crop=362:362;*,*&output-format=jpg&output-quality=80",
          "date": "1"
        }
      ]
    },
    {
      "news_id": "1",
      "profile_img": "http://k.kakaocdn.net/dn/bjxf7Q/btqm3wo4nue/vUh34E4du2oPC4ZNycFWr0/profile_640x640s.jpg",
      "user_name": "나나",
      "user_writing": "1",
      "user_follower": "2",
      "hash_tag": "3",
      "score": "1",
      "contents": "하하",
      "like_count": "5",
      "reply_count": "6",
      "date": "7",
      "user_id": "1",
      "tag1": "11",
      "tag2": "12",
      "url": "13",
      "storePictures": [
        {
          "pic_id": "1",
          "number": "2",
          "user_id": "1",
          "store_id": "1",
          "pic_url": "https://mp-seoul-image-production-s3.mangoplate.com/added_restaurants/2392_1488515222804788.jpg?fit=around|362:362&crop=362:362;*,*&output-format=jpg&output-quality=80",
          "date": "1"
        }
      ]
    },
    {
      "news_id": "1",
      "store_id": "1",
      "profile_img": "http://k.kakaocdn.net/dn/bjxf7Q/btqm3wo4nue/vUh34E4du2oPC4ZNycFWr0/profile_640x640s.jpg",
      "user_name": "다다",
      "user_writing": "1",
      "user_follower": "2",
      "hash_tag": "3",
      "score": "1",
      "contents": "하하",
      "like_count": "5",
      "reply_count": "6",
      "date": "7",
      "user_id": "1",
      "tag1": "11",
      "tag2": "12",
      "url": "13",
      "storePictures": [
        {
          "pic_id": "1",
          "number": "3",
          "user_id": "1",
          "store_id": "1",
          "pic_url": "https://mp-seoul-image-production-s3.mangoplate.com/added_restaurants/335908_1460216479729333.jpg?fit=around|362:362&crop=362:362;*,*&output-format=jpg&output-quality=80",
          "date": "1"
        }
      ]
    },
    {
      "news_id": "1",
      "store_id": "1",
      "profile_img": "http://k.kakaocdn.net/dn/bjxf7Q/btqm3wo4nue/vUh34E4du2oPC4ZNycFWr0/profile_640x640s.jpg",
      "user_name": "라라",
      "user_writing": "1",
      "user_follower": "2",
      "hash_tag": "3",
      "score": "1",
      "contents": "하하",
      "like_count": "5",
      "reply_count": "6",
      "date": "7",
      "user_id": "1",
      "tag1": "11",
      "tag2": "12",
      "url": "13",
      "storePictures": [
        {
          "pic_id": "1",
          "number": "4",
          "user_id": "1",
          "store_id": "1",
          "pic_url": "https://mp-seoul-image-production-s3.mangoplate.com/282752/601342_1492186850816_601342_1492186164349_24917?fit=around|362:362&crop=362:362;*,*&output-format=jpg&output-quality=80",
          "date": "1"
        }
      ]
    },
    {
      "news_id": "1",
      "store_id": "1",
      "profile_img": "http://k.kakaocdn.net/dn/bjxf7Q/btqm3wo4nue/vUh34E4du2oPC4ZNycFWr0/profile_640x640s.jpg",
      "user_name": "마마",
      "user_writing": "1",
      "user_follower": "2",
      "hash_tag": "3",
      "score": "1",
      "contents": "하하",
      "like_count": "5",
      "reply_count": "6",
      "date": "7",
      "user_id": "1",
      "tag1": "11",
      "tag2": "12",
      "url": "13",
      "storePictures": [
        {
          "pic_id": "1",
          "number": "5",
          "user_id": "1",
          "store_id": "1",
          "pic_url": "https://mp-seoul-image-production-s3.mangoplate.com/48002/483575_1456412084656_332206?fit=around|362:362&crop=362:362;*,*&output-format=jpg&output-quality=80",
          "date": "1"
        }
      ]
    }
  ],
  "toplist": [
    {
      "top_list_id": "1",
      "title": "문래동 맛집 베스트 10곳",
      "subtitle": "떠오르는 핫플은 바로 여기!",
      "badge": "1",
      "img_url": "https://mp-seoul-image-production-s3.mangoplate.com/keyword_search/meta/pictures/5ce29hn-y_thsv08.png",
      "view_count": "1",
      "date": "2018-01-01"
    },
    {
      "top_list_id": "1",
      "title": "들깨칼국수 맛집 베스트 7곳",
      "subtitle": "냠냠! 고소하고 걸쭉한 이 맛!",
      "badge": "1",
      "img_url": "https://mp-seoul-image-production-s3.mangoplate.com/keyword_search/meta/pictures/kkqyye89scao45e2.jpg",
      "view_count": "1",
      "date": "2018-01-01"
    },
    {
      "top_list_id": "1",
      "title": "한 주간 가장 사랑받은 맛집 리뷰 BEST 20",
      "subtitle": "한 주간 가장 사랑받은 리뷰만 모았다!",
      "badge": "1",
      "img_url": "https://mp-seoul-image-production-s3.mangoplate.com/keyword_search/meta/pictures/wfnc_s_9pfg_6v4r.jpg",
      "view_count": "1",
      "date": "2018-01-01"
    },
    {
      "top_list_id": "1",
      "title": "생선구이 맛집 베스트 15곳",
      "subtitle": "(생선 가시를) 발라버려!!",
      "badge": "1",
      "img_url": "https://mp-seoul-image-production-s3.mangoplate.com/keyword_search/meta/pictures/qphoqcjvkbcjz5wv.png",
      "view_count": "1",
      "date": "2018-01-01"
    }
  ],
  "store": [
    {
      "store_id": "1",
      "score": "4",
      "hit": "10",
      "lat": "37.4985798",
      "lon": "127.0255659",
      "review_count": "12",
      "img": "https://mp-seoul-image-production-s3.mangoplate.com/11262/351536_1451476177246_49303?fit=around|359:240&crop=359:240;*,*&output-format=jpg&output-quality=80",
      "store_name": "딘타이펑 강남역점",
      "region_name": "강남역"
    },
    {
      "store_id": "2",
      "score": "4",
      "hit": "10",
      "lat": "37.4985798",
      "lon": "127.0255659",
      "review_count": "12",
      "img": "https://mp-seoul-image-production-s3.mangoplate.com/added_restaurants/79111_1461423840487134.jpg?fit=around|359:240&crop=359:240;*,*&output-format=jpg&output-quality=80",
      "store_name": "고에몬 강남점",
      "region_name": "강남역"
    },
    {
      "store_id": "3",
      "score": "4",
      "hit": "10",
      "lat": "37.4985798",
      "lon": "127.0255659",
      "review_count": "12",
      "img": "https://lh5.googleusercontent.com/p/AF1QipPRfHHwnIOOJQLvC9lxMd42IHYtTtrzqsmW-H48=w408-h306-k-no",
      "store_name": "느린마을 양조장 강남점",
      "region_name": "포츄나"
    },
    {
      "store_id": "4",
      "score": "4",
      "hit": "10",
      "lat": "37.4985798",
      "lon": "127.0255659",
      "review_count": "12",
      "img": "https://lh5.googleusercontent.com/p/AF1QipOgCgZf7qJdzvACnRj0SB3pfW8TrutdPfuIjqCq=w408-h229-k-no",
      "store_name": "장꼬방",
      "region_name": "서울"
    }
  ],
  "restaurant": {
    "store_id": "1",
    "updateDate": "2018-07-03",
    "openingHours": "월-금: 11:10 - 21:30\n       토: 11:10- 15:30",
    "conv_update_date": "2018-08-11",
    "breaktime": "15:00-17:00",
    "store_name": "딘타이펑",
    "price": "1",
    "menu1": "국밥",
    "menu2": "정식",
    "menu3": "술국",
    "menu1_price": "7,000",
    "menu2_price": "10,000",
    "menu3_price": "13,000",
    "keyword": "강남역,에디터,국밥"
  },
  "open_hours": {
    "open_hour_id": "1",
    "store_id": "1",
    "mon_open": "09:00",
    "mon_close": "22:00",
    "mon_break_start": "14:00",
    "mon_break_end": "17:00",
    "tue_open": "",
    "tue_close": "22:00",
    "tue_break_start": "14:00",
    "tue_break_end": "17:00",
    "wed_open": "09:00",
    "wed_close": "22:00",
    "wed_break_start": "14:00",
    "wed_break_end": "17:00",
    "thu_open": "",
    "thu_close": "22:00",
    "thu_break_start": "14:00",
    "thu_break_end": "17:00",
    "fri_open": "09:00",
    "fri_close": "22:00",
    "fri_break_start": "14:00",
    "fri_break_end": "17:00",
    "sat_open": "08:00",
    "sat_close": "23:00",
    "sat_break_start": "",
    "sat_break_end": "",
    "sun_open": "08:30",
    "sun_close": "20:00",
    "sun_break_start": "",
    "sun_break_end": ""
  },
  "menus": [
    {
      "menu_id": "1",
      "store_id": "1",
      "menu_name": "짜장",
      "menu_price": "6000",
      "menu_picture_url": "",
      "number": "1"
    },
    {
      "menu_id": "2",
      "store_id": "1",
      "menu_name": "짬뽕",
      "menu_price": "6500",
      "menu_picture_url": "",
      "number": "2"
    },
    {
      "menu_id": "3",
      "store_id": "1",
      "menu_name": "탕수육",
      "menu_price": "12000",
      "menu_picture_url": "",
      "number": "3"
    },
    {
      "menu_id": "4",
      "store_id": "1",
      "menu_name": "깐풍기",
      "menu_price": "13000",
      "menu_picture_url": "",
      "number": "4"
    },
    {
      "menu_id": "5",
      "store_id": "1",
      "menu_name": "유산슬",
      "menu_price": "30000",
      "menu_picture_url": "",
      "number": "5"
    },
    {
      "menu_id": "6",
      "store_id": "1",
      "menu_name": "볶음밥",
      "menu_price": "9500",
      "menu_picture_url": "",
      "number": "6"
    },
    {
      "menu_id": "7",
      "store_id": "1",
      "menu_name": "팔보채",
      "menu_price": "32000",
      "menu_picture_url": "",
      "number": "7"
    },
    {
      "menu_id": "8",
      "store_id": "1",
      "menu_name": "쟁반짜장",
      "menu_price": "12000",
      "menu_picture_url": "",
      "number": "8"
    },
    {
      "menu_id": "10",
      "store_id": "1",
      "menu_name": "",
      "menu_price": "",
      "menu_picture_url": "",
      "number": "9"
    },
    {
      "menu_id": "11",
      "store_id": "1",
      "menu_name": "",
      "menu_price": "",
      "menu_picture_url": "https://mp-seoul-image-production-s3.mangoplate.com/800/507356_1479583666116_14284",
      "number": "10"
    },
    {
      "menu_id": "12",
      "store_id": "1",
      "menu_name": "",
      "menu_price": "",
      "menu_picture_url": "https://mp-seoul-image-production-s3.mangoplate.com/9239_1519431653451191.jpg",
      "number": "11"
    },
    {
      "menu_id": "13",
      "store_id": "1",
      "menu_name": "",
      "menu_price": "",
      "menu_picture_url": "https://mp-seoul-image-production-s3.mangoplate.com/9239_1519431655641912.jpg",
      "number": "12"
    },
    {
      "menu_id": "13",
      "store_id": "1",
      "menu_name": "",
      "menu_price": "",
      "menu_picture_url": "https://mp-seoul-image-production-s3.mangoplate.com/9239_1519431655641912.jpg",
      "number": "12"
    },
    {
      "menu_id": "13",
      "store_id": "1",
      "menu_name": "",
      "menu_price": "",
      "menu_picture_url": "https://mp-seoul-image-production-s3.mangoplate.com/9239_1519431655641912.jpg",
      "number": "12"
    },
    {
      "menu_id": "13",
      "store_id": "1",
      "menu_name": "",
      "menu_price": "",
      "menu_picture_url": "https://mp-seoul-image-production-s3.mangoplate.com/9239_1519431655641912.jpg",
      "number": "12"
    },
    {
      "menu_id": "13",
      "store_id": "1",
      "menu_name": "",
      "menu_price": "",
      "menu_picture_url": "https://mp-seoul-image-production-s3.mangoplate.com/9239_1519431655641912.jpg",
      "number": "12"
    },
    {
      "menu_id": "13",
      "store_id": "1",
      "menu_name": "",
      "menu_price": "",
      "menu_picture_url": "https://mp-seoul-image-production-s3.mangoplate.com/9239_1519431655641912.jpg",
      "number": "12"
    },
    {
      "menu_id": "13",
      "store_id": "1",
      "menu_name": "",
      "menu_price": "",
      "menu_picture_url": "https://mp-seoul-image-production-s3.mangoplate.com/9239_1519431655641912.jpg",
      "number": "12"
    },
    {
      "menu_id": "13",
      "store_id": "1",
      "menu_name": "",
      "menu_price": "",
      "menu_picture_url": "https://mp-seoul-image-production-s3.mangoplate.com/9239_1519431655641912.jpg",
      "number": "12"
    },
    {
      "menu_id": "13",
      "store_id": "1",
      "menu_name": "",
      "menu_price": "",
      "menu_picture_url": "https://mp-seoul-image-production-s3.mangoplate.com/9239_1519431655641912.jpg",
      "number": "12"
    },
    {
      "menu_id": "13",
      "store_id": "1",
      "menu_name": "",
      "menu_price": "",
      "menu_picture_url": "https://mp-seoul-image-production-s3.mangoplate.com/9239_1519431655641912.jpg",
      "number": "12"
    },
    {
      "menu_id": "13",
      "store_id": "1",
      "menu_name": "",
      "menu_price": "",
      "menu_picture_url": "https://mp-seoul-image-production-s3.mangoplate.com/9239_1519431655641912.jpg",
      "number": "12"
    },
    {
      "menu_id": "13",
      "store_id": "1",
      "menu_name": "",
      "menu_price": "",
      "menu_picture_url": "https://mp-seoul-image-production-s3.mangoplate.com/9239_1519431655641912.jpg",
      "number": "12"
    }
  ],
  "keywords": [
    {
      "keyword_id": "1",
      "store_keyword": "중국음식",
      "store_id": "1"
    },
    {
      "keyword_id": "2",
      "store_keyword": "짜장면",
      "store_id": "1"
    },
    {
      "keyword_id": "3",
      "store_keyword": "샤오롱바오",
      "store_id": "1"
    }
  ],
  "review_total": "116",
  "review_best": "95",
  "review_good": "17",
  "review_bad": "4",
  "reviews": [
    {
      "news_id": "1",
      "profile_img": "http://k.kakaocdn.net/dn/bjxf7Q/btqm3wo4nue/vUh34E4du2oPC4ZNycFWr0/profile_640x640s.jpg",
      "user_name": "양사랑",
      "user_writing": "1",
      "user_follower": "2",
      "hash_tag": "3",
      "score": "1",
      "contents": "하하",
      "like_count": "5",
      "reply_count": "6",
      "date": "7",
      "user_id": "1",
      "tag1": "11",
      "tag2": "12",
      "url": "13",
      "storePictures": [
        {
          "pic_id": "1",
          "number": "1",
          "user_id": "1",
          "store_id": "1",
          "pic_url": "https://mp-seoul-image-production-s3.mangoplate.com/added_restaurants/(null)_1440405872653.jpg?fit=around|362:362&crop=362:362;*,*&output-format=jpg&output-quality=80",
          "date": "1"
        },
        {
          "pic_id": "1",
          "number": "2",
          "user_id": "1",
          "store_id": "1",
          "pic_url": "https://mp-seoul-image-production-s3.mangoplate.com/added_restaurants/2392_1488515222804788.jpg?fit=around|362:362&crop=362:362;*,*&output-format=jpg&output-quality=80",
          "date": "1"
        },
        {
          "pic_id": "1",
          "number": "3",
          "user_id": "1",
          "store_id": "1",
          "pic_url": "https://mp-seoul-image-production-s3.mangoplate.com/added_restaurants/335908_1460216479729333.jpg?fit=around|362:362&crop=362:362;*,*&output-format=jpg&output-quality=80",
          "date": "1"
        },
        {
          "pic_id": "1",
          "number": "4",
          "user_id": "1",
          "store_id": "1",
          "pic_url": "https://mp-seoul-image-production-s3.mangoplate.com/282752/601342_1492186850816_601342_1492186164349_24917?fit=around|362:362&crop=362:362;*,*&output-format=jpg&output-quality=80",
          "date": "1"
        },
        {
          "pic_id": "1",
          "number": "5",
          "user_id": "1",
          "store_id": "1",
          "pic_url": "https://mp-seoul-image-production-s3.mangoplate.com/48002/483575_1456412084656_332206?fit=around|362:362&crop=362:362;*,*&output-format=jpg&output-quality=80",
          "date": "1"
        },
        {
          "pic_id": "1",
          "number": "6",
          "user_id": "1",
          "store_id": "1",
          "pic_url": "https://mp-seoul-image-production-s3.mangoplate.com/196002/648713_1495783499395_648713_1495783400966_112737?fit=around|362:362&crop=362:362;*,*&output-format=jpg&output-quality=80",
          "date": "1"
        },
        {
          "pic_id": "1",
          "number": "7",
          "user_id": "1",
          "store_id": "1",
          "pic_url": "4/2018-11-24/2018-11-24 06:42:27.909352.png",
          "date": "1"
        }
      ]
    },
    {
      "news_id": "1",
      "profile_img": "http://k.kakaocdn.net/dn/bjxf7Q/btqm3wo4nue/vUh34E4du2oPC4ZNycFWr0/profile_640x640s.jpg",
      "user_name": "양사랑",
      "user_writing": "1",
      "user_follower": "2",
      "hash_tag": "3",
      "score": "1",
      "contents": "하하",
      "like_count": "5",
      "reply_count": "6",
      "date": "7",
      "user_id": "1",
      "tag1": "11",
      "tag2": "12",
      "url": "13",
      "storePictures": [
        {
          "pic_id": "1",
          "number": "1",
          "user_id": "1",
          "store_id": "1",
          "pic_url": "https://mp-seoul-image-production-s3.mangoplate.com/added_restaurants/(null)_1440405872653.jpg?fit=around|362:362&crop=362:362;*,*&output-format=jpg&output-quality=80",
          "date": "1"
        },
        {
          "pic_id": "1",
          "number": "2",
          "user_id": "1",
          "store_id": "1",
          "pic_url": "https://mp-seoul-image-production-s3.mangoplate.com/added_restaurants/2392_1488515222804788.jpg?fit=around|362:362&crop=362:362;*,*&output-format=jpg&output-quality=80",
          "date": "1"
        },
        {
          "pic_id": "1",
          "number": "3",
          "user_id": "1",
          "store_id": "1",
          "pic_url": "https://mp-seoul-image-production-s3.mangoplate.com/added_restaurants/335908_1460216479729333.jpg?fit=around|362:362&crop=362:362;*,*&output-format=jpg&output-quality=80",
          "date": "1"
        },
        {
          "pic_id": "1",
          "number": "4",
          "user_id": "1",
          "store_id": "1",
          "pic_url": "https://mp-seoul-image-production-s3.mangoplate.com/282752/601342_1492186850816_601342_1492186164349_24917?fit=around|362:362&crop=362:362;*,*&output-format=jpg&output-quality=80",
          "date": "1"
        },
        {
          "pic_id": "1",
          "number": "5",
          "user_id": "1",
          "store_id": "1",
          "pic_url": "https://mp-seoul-image-production-s3.mangoplate.com/48002/483575_1456412084656_332206?fit=around|362:362&crop=362:362;*,*&output-format=jpg&output-quality=80",
          "date": "1"
        },
        {
          "pic_id": "1",
          "number": "6",
          "user_id": "1",
          "store_id": "1",
          "pic_url": "https://mp-seoul-image-production-s3.mangoplate.com/196002/648713_1495783499395_648713_1495783400966_112737?fit=around|362:362&crop=362:362;*,*&output-format=jpg&output-quality=80",
          "date": "1"
        },
        {
          "pic_id": "1",
          "number": "7",
          "user_id": "1",
          "store_id": "1",
          "pic_url": "4/2018-11-24/2018-11-24 06:42:27.909352.png",
          "date": "1"
        }
      ]
    },
    {
      "news_id": "1",
      "store_id": "1",
      "profile_img": "http://k.kakaocdn.net/dn/bjxf7Q/btqm3wo4nue/vUh34E4du2oPC4ZNycFWr0/profile_640x640s.jpg",
      "user_name": "양사랑",
      "user_writing": "1",
      "user_follower": "2",
      "hash_tag": "3",
      "score": "1",
      "contents": "하하",
      "like_count": "5",
      "reply_count": "6",
      "date": "7",
      "user_id": "1",
      "tag1": "11",
      "tag2": "12",
      "url": "13",
      "storePictures": [
        {
          "pic_id": "1",
          "number": "1",
          "user_id": "1",
          "store_id": "1",
          "pic_url": "https://mp-seoul-image-production-s3.mangoplate.com/added_restaurants/(null)_1440405872653.jpg?fit=around|362:362&crop=362:362;*,*&output-format=jpg&output-quality=80",
          "date": "1"
        },
        {
          "pic_id": "1",
          "number": "2",
          "user_id": "1",
          "store_id": "1",
          "pic_url": "https://mp-seoul-image-production-s3.mangoplate.com/added_restaurants/2392_1488515222804788.jpg?fit=around|362:362&crop=362:362;*,*&output-format=jpg&output-quality=80",
          "date": "1"
        },
        {
          "pic_id": "1",
          "number": "3",
          "user_id": "1",
          "store_id": "1",
          "pic_url": "https://mp-seoul-image-production-s3.mangoplate.com/added_restaurants/335908_1460216479729333.jpg?fit=around|362:362&crop=362:362;*,*&output-format=jpg&output-quality=80",
          "date": "1"
        },
        {
          "pic_id": "1",
          "number": "4",
          "user_id": "1",
          "store_id": "1",
          "pic_url": "https://mp-seoul-image-production-s3.mangoplate.com/282752/601342_1492186850816_601342_1492186164349_24917?fit=around|362:362&crop=362:362;*,*&output-format=jpg&output-quality=80",
          "date": "1"
        },
        {
          "pic_id": "1",
          "number": "5",
          "user_id": "1",
          "store_id": "1",
          "pic_url": "https://mp-seoul-image-production-s3.mangoplate.com/48002/483575_1456412084656_332206?fit=around|362:362&crop=362:362;*,*&output-format=jpg&output-quality=80",
          "date": "1"
        },
        {
          "pic_id": "1",
          "number": "6",
          "user_id": "1",
          "store_id": "1",
          "pic_url": "https://mp-seoul-image-production-s3.mangoplate.com/196002/648713_1495783499395_648713_1495783400966_112737?fit=around|362:362&crop=362:362;*,*&output-format=jpg&output-quality=80",
          "date": "1"
        },
        {
          "pic_id": "1",
          "number": "7",
          "user_id": "1",
          "store_id": "1",
          "pic_url": "4/2018-11-24/2018-11-24 06:42:27.909352.png",
          "date": "1"
        }
      ]
    },
    {
      "news_id": "1",
      "store_id": "1",
      "profile_img": "http://k.kakaocdn.net/dn/bjxf7Q/btqm3wo4nue/vUh34E4du2oPC4ZNycFWr0/profile_640x640s.jpg",
      "user_name": "양사랑",
      "user_writing": "1",
      "user_follower": "2",
      "hash_tag": "3",
      "score": "1",
      "contents": "하하",
      "like_count": "5",
      "reply_count": "6",
      "date": "7",
      "user_id": "1",
      "tag1": "11",
      "tag2": "12",
      "url": "13",
      "storePictures": [
        {
          "pic_id": "1",
          "number": "1",
          "user_id": "1",
          "store_id": "1",
          "pic_url": "https://mp-seoul-image-production-s3.mangoplate.com/added_restaurants/(null)_1440405872653.jpg?fit=around|362:362&crop=362:362;*,*&output-format=jpg&output-quality=80",
          "date": "1"
        },
        {
          "pic_id": "1",
          "number": "2",
          "user_id": "1",
          "store_id": "1",
          "pic_url": "https://mp-seoul-image-production-s3.mangoplate.com/added_restaurants/2392_1488515222804788.jpg?fit=around|362:362&crop=362:362;*,*&output-format=jpg&output-quality=80",
          "date": "1"
        },
        {
          "pic_id": "1",
          "number": "3",
          "user_id": "1",
          "store_id": "1",
          "pic_url": "https://mp-seoul-image-production-s3.mangoplate.com/added_restaurants/335908_1460216479729333.jpg?fit=around|362:362&crop=362:362;*,*&output-format=jpg&output-quality=80",
          "date": "1"
        },
        {
          "pic_id": "1",
          "number": "4",
          "user_id": "1",
          "store_id": "1",
          "pic_url": "https://mp-seoul-image-production-s3.mangoplate.com/282752/601342_1492186850816_601342_1492186164349_24917?fit=around|362:362&crop=362:362;*,*&output-format=jpg&output-quality=80",
          "date": "1"
        },
        {
          "pic_id": "1",
          "number": "5",
          "user_id": "1",
          "store_id": "1",
          "pic_url": "https://mp-seoul-image-production-s3.mangoplate.com/48002/483575_1456412084656_332206?fit=around|362:362&crop=362:362;*,*&output-format=jpg&output-quality=80",
          "date": "1"
        },
        {
          "pic_id": "1",
          "number": "6",
          "user_id": "1",
          "store_id": "1",
          "pic_url": "https://mp-seoul-image-production-s3.mangoplate.com/196002/648713_1495783499395_648713_1495783400966_112737?fit=around|362:362&crop=362:362;*,*&output-format=jpg&output-quality=80",
          "date": "1"
        },
        {
          "pic_id": "1",
          "number": "7",
          "user_id": "1",
          "store_id": "1",
          "pic_url": "4/2018-11-24/2018-11-24 06:42:27.909352.png",
          "date": "1"
        }
      ]
    },
    {
      "news_id": "1",
      "store_id": "1",
      "profile_img": "http://k.kakaocdn.net/dn/bjxf7Q/btqm3wo4nue/vUh34E4du2oPC4ZNycFWr0/profile_640x640s.jpg",
      "user_name": "양사랑",
      "user_writing": "1",
      "user_follower": "2",
      "hash_tag": "3",
      "score": "1",
      "contents": "하하",
      "like_count": "5",
      "reply_count": "6",
      "date": "7",
      "user_id": "1",
      "tag1": "11",
      "tag2": "12",
      "url": "13",
      "storePictures": [
        {
          "pic_id": "1",
          "number": "1",
          "user_id": "1",
          "store_id": "1",
          "pic_url": "https://mp-seoul-image-production-s3.mangoplate.com/added_restaurants/(null)_1440405872653.jpg?fit=around|362:362&crop=362:362;*,*&output-format=jpg&output-quality=80",
          "date": "1"
        },
        {
          "pic_id": "1",
          "number": "2",
          "user_id": "1",
          "store_id": "1",
          "pic_url": "https://mp-seoul-image-production-s3.mangoplate.com/added_restaurants/2392_1488515222804788.jpg?fit=around|362:362&crop=362:362;*,*&output-format=jpg&output-quality=80",
          "date": "1"
        },
        {
          "pic_id": "1",
          "number": "3",
          "user_id": "1",
          "store_id": "1",
          "pic_url": "https://mp-seoul-image-production-s3.mangoplate.com/added_restaurants/335908_1460216479729333.jpg?fit=around|362:362&crop=362:362;*,*&output-format=jpg&output-quality=80",
          "date": "1"
        },
        {
          "pic_id": "1",
          "number": "4",
          "user_id": "1",
          "store_id": "1",
          "pic_url": "https://mp-seoul-image-production-s3.mangoplate.com/282752/601342_1492186850816_601342_1492186164349_24917?fit=around|362:362&crop=362:362;*,*&output-format=jpg&output-quality=80",
          "date": "1"
        },
        {
          "pic_id": "1",
          "number": "5",
          "user_id": "1",
          "store_id": "1",
          "pic_url": "https://mp-seoul-image-production-s3.mangoplate.com/48002/483575_1456412084656_332206?fit=around|362:362&crop=362:362;*,*&output-format=jpg&output-quality=80",
          "date": "1"
        },
        {
          "pic_id": "1",
          "number": "6",
          "user_id": "1",
          "store_id": "1",
          "pic_url": "https://mp-seoul-image-production-s3.mangoplate.com/196002/648713_1495783499395_648713_1495783400966_112737?fit=around|362:362&crop=362:362;*,*&output-format=jpg&output-quality=80",
          "date": "1"
        },
        {
          "pic_id": "1",
          "number": "7",
          "user_id": "1",
          "store_id": "1",
          "pic_url": "4/2018-11-24/2018-11-24 06:42:27.909352.png",
          "date": "1"
        }
      ]
    }
  ],
  "toplist": [
    {
      "top_list_id": "1",
      "title": "문래동 맛집 베스트 10곳",
      "subtitle": "떠오르는 핫플은 바로 여기!",
      "badge": "1",
      "img_url": "https://mp-seoul-image-production-s3.mangoplate.com/keyword_search/meta/pictures/5ce29hn-y_thsv08.png",
      "view_count": "1",
      "date": "2018-01-01"
    },
    {
      "top_list_id": "1",
      "title": "들깨칼국수 맛집 베스트 7곳",
      "subtitle": "냠냠! 고소하고 걸쭉한 이 맛!",
      "badge": "1",
      "img_url": "https://mp-seoul-image-production-s3.mangoplate.com/keyword_search/meta/pictures/kkqyye89scao45e2.jpg",
      "view_count": "1",
      "date": "2018-01-01"
    },
    {
      "top_list_id": "1",
      "title": "한 주간 가장 사랑받은 맛집 리뷰 BEST 20",
      "subtitle": "한 주간 가장 사랑받은 리뷰만 모았다!",
      "badge": "1",
      "img_url": "https://mp-seoul-image-production-s3.mangoplate.com/keyword_search/meta/pictures/wfnc_s_9pfg_6v4r.jpg",
      "view_count": "1",
      "date": "2018-01-01"
    },
    {
      "top_list_id": "1",
      "title": "생선구이 맛집 베스트 15곳",
      "subtitle": "(생선 가시를) 발라버려!!",
      "badge": "1",
      "img_url": "https://mp-seoul-image-production-s3.mangoplate.com/keyword_search/meta/pictures/qphoqcjvkbcjz5wv.png",
      "view_count": "1",
      "date": "2018-01-01"
    }
  ],
  "store": [
    {
      "store_id": "1",
      "score": "4",
      "hit": "10",
      "lat": "37.4985798",
      "lon": "127.0255659",
      "review_count": "12",
      "img": "https://mp-seoul-image-production-s3.mangoplate.com/11262/351536_1451476177246_49303?fit=around|359:240&crop=359:240;*,*&output-format=jpg&output-quality=80",
      "store_name": "딘타이펑 강남역점",
      "region_name": "강남역"
    },
    {
      "store_id": "2",
      "score": "4",
      "hit": "10",
      "lat": "37.4985798",
      "lon": "127.0255659",
      "review_count": "12",
      "img": "https://mp-seoul-image-production-s3.mangoplate.com/added_restaurants/79111_1461423840487134.jpg?fit=around|359:240&crop=359:240;*,*&output-format=jpg&output-quality=80",
      "store_name": "고에몬 강남점",
      "region_name": "강남역"
    },
    {
      "store_id": "3",
      "score": "4",
      "hit": "10",
      "lat": "37.4985798",
      "lon": "127.0255659",
      "review_count": "12",
      "img": "https://lh5.googleusercontent.com/p/AF1QipPRfHHwnIOOJQLvC9lxMd42IHYtTtrzqsmW-H48=w408-h306-k-no",
      "store_name": "느린마을 양조장 강남점",
      "region_name": "포츄나"
    },
    {
      "store_id": "4",
      "score": "4",
      "hit": "10",
      "lat": "37.4985798",
      "lon": "127.0255659",
      "review_count": "12",
      "img": "https://lh5.googleusercontent.com/p/AF1QipOgCgZf7qJdzvACnRj0SB3pfW8TrutdPfuIjqCq=w408-h229-k-no",
      "store_name": "장꼬방",
      "region_name": "서울"
    }
  ]
}
